Company Name,Industry,Symbol,Series,ISIN Code
Amara Raja Batteries Ltd.,Automobile and Auto Components,AMARAJABAT.NS,EQ,INE885A01032
Apollo Tyres Ltd.,Automobile and Auto Components,APOLLOTYRE.NS,EQ,INE438A01022
Asahi India Glass Ltd.,Automobile and Auto Components,ASAHIINDIA.NS,EQ,INE439A01020
Bajaj Auto Ltd.,Automobile and Auto Components,BAJAJ-AUTO.NS,EQ,INE917I01010
Balkrishna Industries Ltd.,Automobile and Auto Components,BALKRISIND.NS,EQ,INE787D01026
Bosch Ltd.,Automobile and Auto Components,BOSCHLTD.NS,EQ,INE323A01026
Ceat Ltd.,Automobile and Auto Components,CEATLTD.NS,EQ,INE482A01020
Eicher Motors Ltd.,Automobile and Auto Components,EICHERMOT.NS,EQ,INE066A01021
Endurance Technologies Ltd.,Automobile and Auto Components,ENDURANCE.NS,EQ,INE913H01037
Exide Industries Ltd.,Automobile and Auto Components,EXIDEIND.NS,EQ,INE302A01020
Hero MotoCorp Ltd.,Automobile and Auto Components,HEROMOTOCO.NS,EQ,INE158A01026
Jamna Auto Industries Ltd.,Automobile and Auto Components,JAMNAAUTO.NS,EQ,INE039C01032
Mahindra & Mahindra Ltd.,Automobile and Auto Components,M&M.NS,EQ,INE101A01026
Mahindra CIE Automotive Ltd.,Automobile and Auto Components,MAHINDCIE.NS,EQ,INE536H01010
Maruti Suzuki India Ltd.,Automobile and Auto Components,MARUTI.NS,EQ,INE585B01010
MRF Ltd.,Automobile and Auto Components,MRF.NS,EQ,INE883A01011
Schaeffler India Ltd.,Automobile and Auto Components,SCHAEFFLER.NS,EQ,INE513A01022
Sona BLW Precision Forgings Ltd.,Automobile and Auto Components,SONACOMS.NS,EQ,INE073K01018
Sundram Fasteners Ltd.,Automobile and Auto Components,SUNDRMFAST.NS,EQ,INE387A01021
Suprajit Engineering Ltd.,Automobile and Auto Components,SUPRAJIT.NS,EQ,INE399C01030
Tata Motors Ltd DVR,Automobile and Auto Components,TATAMTRDVR.NS,EQ,IN9155A01020
Tata Motors Ltd.,Automobile and Auto Components,TATAMOTORS.NS,EQ,INE155A01022
Tube Investments of India Ltd.,Automobile and Auto Components,TIINDIA.NS,EQ,INE974X01010
TVS Motor Company Ltd.,Automobile and Auto Components,TVSMOTOR.NS,EQ,INE494B01023
UNO Minda Ltd.,Automobile and Auto Components,UNOMINDA.NS,EQ,INE405E01023
Varroc Engineering Ltd.,Automobile and Auto Components,VARROC.NS,EQ,INE665L01035
ZF Commercial Vehicle Control Systems India Ltd.,Automobile and Auto Components,ZFCVINDIA.NS,EQ,INE342J01019
ABB India Ltd.,Capital Goods,ABB.NS,EQ,INE117A01022
AIA Engineering Ltd.,Capital Goods,AIAENG.NS,EQ,INE212H01026
APL Apollo Tubes Ltd.,Capital Goods,APLAPOLLO.NS,EQ,INE702C01027
Ashok Leyland Ltd.,Capital Goods,ASHOKLEY.NS,EQ,INE208A01029
Astral Ltd.,Capital Goods,ASTRAL.NS,EQ,INE006I01046
Bharat Dynamics Ltd.,Capital Goods,BDL.NS,EQ,INE171Z01018
Bharat Electronics Ltd.,Capital Goods,BEL.NS,EQ,INE263A01024
Bharat Forge Ltd.,Capital Goods,BHARATFORG.NS,EQ,INE465A01025
Bharat Heavy Electricals Ltd.,Capital Goods,BHEL.NS,EQ,INE257A01026
Borosil Renewables Ltd.,Capital Goods,BORORENEW.NS,EQ,INE666D01022
Carborundum Universal Ltd.,Capital Goods,CARBORUNIV.NS,EQ,INE120A01034
CG Power and Industrial Solutions Ltd.,Capital Goods,CGPOWER.NS,EQ,INE067A01029
Cochin Shipyard Ltd.,Capital Goods,COCHINSHIP.NS,EQ,INE704P01017
Cummins India Ltd.,Capital Goods,CUMMINSIND.NS,EQ,INE298A01020
Elgi Equipments Ltd.,Capital Goods,ELGIEQUIP.NS,EQ,INE285A01027
EPL Ltd.,Capital Goods,EPL.NS,EQ,INE255A01020
Escorts Kubota Ltd.,Capital Goods,ESCORTS.NS,EQ,INE042A01014
Finolex Cables Ltd.,Capital Goods,FINCABLES.NS,EQ,INE235A01022
Finolex Industries Ltd.,Capital Goods,FINPIPE.NS,EQ,INE183A01024
GMM Pfaudler Ltd.,Capital Goods,GMMPFAUDLR.NS,EQ,INE541A01023
Graphite India Ltd.,Capital Goods,GRAPHITE.NS,EQ,INE371A01025
Grindwell Norton Ltd.,Capital Goods,GRINDWELL.NS,EQ,INE536A01023
H.E.G. Ltd.,Capital Goods,HEG.NS,EQ,INE545A01016
Hindustan Aeronautics Ltd.,Capital Goods,HAL.NS,EQ,INE066F01012
Hitachi Energy India Ltd.,Capital Goods,POWERINDIA.NS,EQ,INE07Y701011
HLE Glascoat Ltd.,Capital Goods,HLEGLAS.NS,EQ,INE461D01010
Honeywell Automation India Ltd.,Capital Goods,HONAUT.NS,EQ,INE671A01010
Kec International Ltd.,Capital Goods,KEC.NS,EQ,INE389H01022
KEI Industries Ltd.,Capital Goods,KEI.NS,EQ,INE878B01027
Lakshmi Machine Works Ltd.,Capital Goods,LAXMIMACH.NS,EQ,INE269B01029
Mazagoan Dock Shipbuilders Ltd.,Capital Goods,MAZDOCK.NS,EQ,INE249Z01012
MTAR Technologies Ltd.,Capital Goods,MTARTECH.NS,EQ,INE864I01014
Polycab India Ltd.,Capital Goods,POLYCAB.NS,EQ,INE455K01017
Polyplex Corporation Ltd.,Capital Goods,POLYPLEX.NS,EQ,INE633B01018
Praj Industries Ltd.,Capital Goods,PRAJIND.NS,EQ,INE074A01025
Prince Pipes and Fittings Ltd.,Capital Goods,PRINCEPIPE.NS,EQ,INE689W01016
Ratnamani Metals & Tubes Ltd.,Capital Goods,RATNAMANI.NS,EQ,INE703B01027
RHI MAGNESITA INDIA LTD.,Capital Goods,RHIM.NS,EQ,INE743M01012
Siemens Ltd.,Capital Goods,SIEMENS.NS,EQ,INE003A01024
SKF India Ltd.,Capital Goods,SKFINDIA.NS,EQ,INE640A01023
Supreme Industries Ltd.,Capital Goods,SUPREMEIND.NS,EQ,INE195A01028
Suzlon Energy Ltd.,Capital Goods,SUZLON.NS,EQ,INE040H01021
Tata Steel Long Products Ltd.,Capital Goods,TATASTLLP.NS,EQ,INE674A01014
Thermax Ltd.,Capital Goods,THERMAX.NS,EQ,INE152A01029
Timken India Ltd.,Capital Goods,TIMKEN.NS,EQ,INE325A01013
Triveni Turbine Ltd.,Capital Goods,TRITURBINE.NS,EQ,INE152M01016
UFLEX Ltd.,Capital Goods,UFLEX.NS,EQ,INE516A01017
Welspun Corp Ltd.,Capital Goods,WELCORP.NS,EQ,INE191B01025
Alkyl Amines Chemicals Ltd.,Chemicals,ALKYLAMINE.NS,EQ,INE150B01039
Anupam Rasayan India Ltd.,Chemicals,ANURAS.NS,EQ,INE930P01018
Atul Ltd.,Chemicals,ATUL.NS,EQ,INE100A01010
Balaji Amines Ltd.,Chemicals,BALAMINES.NS,EQ,INE050E01027
BASF India Ltd.,Chemicals,BASF.NS,EQ,INE373A01013
Bayer Cropscience Ltd.,Chemicals,BAYERCROP.NS,EQ,INE462A01022
Chambal Fertilizers & Chemicals Ltd.,Chemicals,CHAMBLFERT.NS,EQ,INE085A01013
Chemplast Sanmar Ltd.,Chemicals,CHEMPLASTS.NS,EQ,INE488A01050
Clean Science and Technology Ltd.,Chemicals,CLEAN.NS,EQ,INE227W01023
Coromandel International Ltd.,Chemicals,COROMANDEL.NS,EQ,INE169A01031
Deepak Nitrite Ltd.,Chemicals,DEEPAKNTR.NS,EQ,INE288B01029
Fertilisers and Chemicals Travancore Ltd.,Chemicals,FACT.NS,EQ,INE188A01015
Fine Organic Industries Ltd.,Chemicals,FINEORG.NS,EQ,INE686Y01026
Galaxy Surfactants Ltd.,Chemicals,GALAXYSURF.NS,EQ,INE600K01018
Gujarat Alkalies & Chemicals Ltd.,Chemicals,GUJALKALI.NS,EQ,INE186A01019
Gujarat Fluorochemicals Ltd.,Chemicals,FLUOROCHEM.NS,EQ,INE09N301011
Gujarat Narmada Valley Fertilizers and Chemicals Ltd.,Chemicals,GNFC.NS,EQ,INE113A01013
Gujarat State Fertilizers & Chemicals Ltd.,Chemicals,GSFC.NS,EQ,INE026A01025
Jubilant Ingrevia Ltd.,Chemicals,JUBLINGREA.NS,EQ,INE0BY001018
Laxmi Organic Industries Ltd.,Chemicals,LXCHEM.NS,EQ,INE576O01020
Linde India Ltd.,Chemicals,LINDEINDIA.NS,EQ,INE473A01011
Navin Fluorine International Ltd.,Chemicals,NAVINFLUOR.NS,EQ,INE048G01026
NOCIL Ltd.,Chemicals,NOCIL.NS,EQ,INE163A01018
PCBL Ltd.,Chemicals,PCBL.NS,EQ,INE602A01031
PI Industries Ltd.,Chemicals,PIIND.NS,EQ,INE603J01030
Pidilite Industries Ltd.,Chemicals,PIDILITIND.NS,EQ,INE318A01026
Privi Speciality Chemicals Ltd.,Chemicals,PRIVISCL.NS,EQ,INE959A01019
Rain Industries Ltd,Chemicals,RAIN.NS,EQ,INE855B01025
Rallis India Ltd.,Chemicals,RALLIS.NS,EQ,INE613A01020
Rashtriya Chemicals & Fertilizers Ltd.,Chemicals,RCF.NS,EQ,INE027A01015
Rossari Biotech Ltd.,Chemicals,ROSSARI.NS,EQ,INE02A801020
Solar Industries India Ltd.,Chemicals,SOLARINDS.NS,EQ,INE343H01029
SRF Ltd.,Chemicals,SRF.NS,EQ,INE647A01010
Sudarshan Chemical Industries Ltd.,Chemicals,SUDARSCHEM.NS,EQ,INE659A01023
Sumitomo Chemical India Ltd.,Chemicals,SUMICHEM.NS,EQ,INE258G01013
Tata Chemicals Ltd.,Chemicals,TATACHEM.NS,EQ,INE092A01019
UPL Ltd.,Chemicals,UPL.NS,EQ,INE628A01036
Vinati Organics Ltd.,Chemicals,VINATIORGA.NS,EQ,INE410B01037
Dilip Buildcon Ltd.,Construction,DBL.NS,EQ,INE917M01012
Engineers India Ltd.,Construction,ENGINERSIN.NS,EQ,INE510A01028
G R Infraprojects Ltd.,Construction,GRINFRA.NS,EQ,INE201P01022
IRB Infrastructure Developers Ltd.,Construction,IRB.NS,EQ,INE821I01014
IRCON International Ltd.,Construction,IRCON.NS,EQ,INE962Y01021
Kalpataru Power Transmission Ltd.,Construction,KALPATPOWR.NS,EQ,INE220B01022
KNR Constructions Ltd.,Construction,KNRCON.NS,EQ,INE634I01029
Larsen & Toubro Ltd.,Construction,LT.NS,EQ,INE018A01030
NBCC (India) Ltd.,Construction,NBCC.NS,EQ,INE095N01031
NCC Ltd.,Construction,NCC.NS,EQ,INE868B01028
PNC Infratech Ltd.,Construction,PNCINFRA.NS,EQ,INE195J01029
Rail Vikas Nigam Ltd.,Construction,RVNL.NS,EQ,INE415G01027
RITES Ltd.,Construction,RITES.NS,EQ,INE320J01015
Sterling and Wilson Renewable Energy Ltd.,Construction,SWSOLAR.NS,EQ,INE00M201021
ACC Ltd.,Construction Materials,ACC.NS,EQ,INE012A01025
Ambuja Cements Ltd.,Construction Materials,AMBUJACEM.NS,EQ,INE079A01024
Birla Corporation Ltd.,Construction Materials,BIRLACORPN.NS,EQ,INE340A01012
Dalmia Bharat Ltd.,Construction Materials,DALBHARAT.NS,EQ,INE00R701025
Grasim Industries Ltd.,Construction Materials,GRASIM.NS,EQ,INE047A01021
India Cements Ltd.,Construction Materials,INDIACEM.NS,EQ,INE383A01012
J.K. Cement Ltd.,Construction Materials,JKCEMENT.NS,EQ,INE823G01014
JK Lakshmi Cement Ltd.,Construction Materials,JKLAKSHMI.NS,EQ,INE786A01032
Nuvoco Vistas Corporation Ltd.,Construction Materials,NUVOCO.NS,EQ,INE118D01016
Prism Johnson Ltd.,Construction Materials,PRSMJOHNSN.NS,EQ,INE010A01011
Shree Cement Ltd.,Construction Materials,SHREECEM.NS,EQ,INE070A01015
The Ramco Cements Ltd.,Construction Materials,RAMCOCEM.NS,EQ,INE331A01037
UltraTech Cement Ltd.,Construction Materials,ULTRACEMCO.NS,EQ,INE481G01011
Amber Enterprises India Ltd.,Consumer Durables,AMBER.NS,EQ,INE371P01015
Asian Paints Ltd.,Consumer Durables,ASIANPAINT.NS,EQ,INE021A01026
Bajaj Electricals Ltd,Consumer Durables,BAJAJELEC.NS,EQ,INE193E01025
Bata India Ltd.,Consumer Durables,BATAINDIA.NS,EQ,INE176A01028
Berger Paints India Ltd.,Consumer Durables,BERGEPAINT.NS,EQ,INE463A01038
Blue Star Ltd.,Consumer Durables,BLUESTARCO.NS,EQ,INE472A01039
Campus Activewear Ltd.,Consumer Durables,CAMPUS.NS,EQ,INE278Y01022
Century Plyboards (India) Ltd.,Consumer Durables,CENTURYPLY.NS,EQ,INE348B01021
Cera Sanitaryware Ltd,Consumer Durables,CERA.NS,EQ,INE739E01017
Crompton Greaves Consumer Electricals Ltd.,Consumer Durables,CROMPTON.NS,EQ,INE299U01018
Dixon Technologies (India) Ltd.,Consumer Durables,DIXON.NS,EQ,INE935N01020
Havells India Ltd.,Consumer Durables,HAVELLS.NS,EQ,INE176B01034
IFB Industries Ltd.,Consumer Durables,IFBIND.NS,EQ,INE559A01017
Indigo Paints Ltd.,Consumer Durables,INDIGOPNTS.NS,EQ,INE09VQ01012
Kajaria Ceramics Ltd.,Consumer Durables,KAJARIACER.NS,EQ,INE217B01036
Kalyan Jewellers India Ltd.,Consumer Durables,KALYANKJIL.NS,EQ,INE303R01014
Kansai Nerolac Paints Ltd.,Consumer Durables,KANSAINER.NS,EQ,INE531A01024
Metro Brands Ltd.,Consumer Durables,METROBRAND.NS,EQ,INE317I01021
Orient Electric Ltd.,Consumer Durables,ORIENTELEC.NS,EQ,INE142Z01019
Rajesh Exports Ltd.,Consumer Durables,RAJESHEXPO.NS,EQ,INE343B01030
Relaxo Footwears Ltd.,Consumer Durables,RELAXO.NS,EQ,INE131B01039
Sheela Foam Ltd.,Consumer Durables,SFL.NS,EQ,INE916U01025
Symphony Ltd.,Consumer Durables,SYMPHONY.NS,EQ,INE225D01027
Titan Company Ltd.,Consumer Durables,TITAN.NS,EQ,INE280A01028
TTK Prestige Ltd.,Consumer Durables,TTKPRESTIG.NS,EQ,INE690A01028
V.I.P. Industries Ltd.,Consumer Durables,VIPIND.NS,EQ,INE054A01027
V-Guard Industries Ltd.,Consumer Durables,VGUARD.NS,EQ,INE951I01027
Voltas Ltd.,Consumer Durables,VOLTAS.NS,EQ,INE226A01021
Whirlpool of India Ltd.,Consumer Durables,WHIRLPOOL.NS,EQ,INE716A01013
Aditya Birla Fashion and Retail Ltd.,Consumer Services,ABFRL.NS,EQ,INE647O01011
Avenue Supermarts Ltd.,Consumer Services,DMART.NS,EQ,INE192R01011
Chalet Hotels Ltd.,Consumer Services,CHALET.NS,EQ,INE427F01016
Delta Corp Ltd.,Consumer Services,DELTACORP.NS,EQ,INE124G01033
Devyani International Ltd.,Consumer Services,DEVYANI.NS,EQ,INE872J01023
Easy Trip Planners Ltd.,Consumer Services,EASEMYTRIP.NS,EQ,INE07O001018
EIH Ltd.,Consumer Services,EIHOTEL.NS,EQ,INE230A01023
FSN E-Commerce Ventures Ltd.,Consumer Services,NYKAA.NS,EQ,INE388Y01029
Go Fashion (India) Ltd.,Consumer Services,GOCOLORS.NS,EQ,INE0BJS01011
Indiamart Intermesh Ltd.,Consumer Services,INDIAMART.NS,EQ,INE933S01016
Indian Hotels Co. Ltd.,Consumer Services,INDHOTEL.NS,EQ,INE053A01029
Indian Railway Catering And Tourism Corporation Ltd.,Consumer Services,IRCTC.NS,EQ,INE335Y01020
Info Edge (India) Ltd.,Consumer Services,NAUKRI.NS,EQ,INE663F01024
Jubilant Foodworks Ltd.,Consumer Services,JUBLFOOD.NS,EQ,INE797F01020
Justdial Ltd.,Consumer Services,JUSTDIAL.NS,EQ,INE599M01018
Mahindra Holidays & Resorts India Ltd.,Consumer Services,MHRIL.NS,EQ,INE998I01010
Medplus Health Services Ltd.,Consumer Services,MEDPLUS.NS,EQ,INE804L01022
Restaurant Brands Asia Ltd.,Consumer Services,RBA.NS,EQ,INE07T201019
Sapphire Foods India Ltd.,Consumer Services,SAPPHIRE.NS,EQ,INE806T01012
Trent Ltd.,Consumer Services,TRENT.NS,EQ,INE849A01020
Vaibhav Global Ltd.,Consumer Services,VAIBHAVGBL.NS,EQ,INE884A01027
V-Mart Retail Ltd.,Consumer Services,VMART.NS,EQ,INE665J01013
Westlife Development Ltd.,Consumer Services,WESTLIFE.NS,EQ,INE274F01020
Zomato Ltd.,Consumer Services,ZOMATO.NS,EQ,INE758T01015
3M India Ltd.,Diversified,3MINDIA.NS,EQ,INE470A01017
DCM Shriram Ltd.,Diversified,DCMSHRIRAM.NS,EQ,INE499A01024
Advanced Enzyme Tech Ltd.,Fast Moving Consumer Goods,ADVENZYMES.NS,EQ,INE837H01020
Avanti Feeds Ltd.,Fast Moving Consumer Goods,AVANTIFEED.NS,EQ,INE871C01038
Balrampur Chini Mills Ltd.,Fast Moving Consumer Goods,BALRAMCHIN.NS,EQ,INE119A01028
Bombay Burmah Trading Corporation Ltd.,Fast Moving Consumer Goods,BBTC.NS,EQ,INE050A01025
Britannia Industries Ltd.,Fast Moving Consumer Goods,BRITANNIA.NS,EQ,INE216A01030
CCL Products (I) Ltd.,Fast Moving Consumer Goods,CCL.NS,EQ,INE421D01022
Colgate Palmolive (India) Ltd.,Fast Moving Consumer Goods,COLPAL.NS,EQ,INE259A01022
Dabur India Ltd.,Fast Moving Consumer Goods,DABUR.NS,EQ,INE016A01026
E.I.D. Parry (India) Ltd.,Fast Moving Consumer Goods,EIDPARRY.NS,EQ,INE126A01031
Emami Ltd.,Fast Moving Consumer Goods,EMAMILTD.NS,EQ,INE548C01032
Godfrey Phillips India Ltd.,Fast Moving Consumer Goods,GODFRYPHLP.NS,EQ,INE260B01028
Godrej Agrovet Ltd.,Fast Moving Consumer Goods,GODREJAGRO.NS,EQ,INE850D01014
Godrej Consumer Products Ltd.,Fast Moving Consumer Goods,GODREJCP.NS,EQ,INE102D01028
Godrej Industries Ltd.,Fast Moving Consumer Goods,GODREJIND.NS,EQ,INE233A01035
Gujarat Ambuja Exports Ltd.,Fast Moving Consumer Goods,GAEL.NS,EQ,INE036B01030
Hatsun Agro Product Ltd.,Fast Moving Consumer Goods,HATSUN.NS,EQ,INE473B01035
Hindustan Unilever Ltd.,Fast Moving Consumer Goods,HINDUNILVR.NS,EQ,INE030A01027
ITC Ltd.,Fast Moving Consumer Goods,ITC.NS,EQ,INE154A01025
Jyothy Labs Ltd.,Fast Moving Consumer Goods,JYOTHYLAB.NS,EQ,INE668F01031
KRBL Ltd.,Fast Moving Consumer Goods,KRBL.NS,EQ,INE001B01026
Marico Ltd.,Fast Moving Consumer Goods,MARICO.NS,EQ,INE196A01026
Nestle India Ltd.,Fast Moving Consumer Goods,NESTLEIND.NS,EQ,INE239A01016
Procter & Gamble Hygiene & Health Care Ltd.,Fast Moving Consumer Goods,PGHH.NS,EQ,INE179A01014
Radico Khaitan Ltd,Fast Moving Consumer Goods,RADICO.NS,EQ,INE944F01028
Shree Renuka Sugars Ltd.,Fast Moving Consumer Goods,RENUKA.NS,EQ,INE087H01022
Tata Coffee Ltd.,Fast Moving Consumer Goods,TATACOFFEE.NS,EQ,INE493A01027
Tata Consumer Products Ltd.,Fast Moving Consumer Goods,TATACONSUM.NS,EQ,INE192A01025
Triveni Engineering & Industries Ltd.,Fast Moving Consumer Goods,TRIVENI.NS,EQ,INE256C01024
United Breweries Ltd.,Fast Moving Consumer Goods,UBL.NS,EQ,INE686F01025
United Spirits Ltd.,Fast Moving Consumer Goods,MCDOWELL-N.NS,EQ,INE854D01024
Varun Beverages Ltd.,Fast Moving Consumer Goods,VBL.NS,EQ,INE200M01013
Venky's (India) Ltd.,Fast Moving Consumer Goods,VENKEYS.NS,EQ,INE398A01010
Zydus Wellness Ltd.,Fast Moving Consumer Goods,ZYDUSWELL.NS,EQ,INE768C01010
Aavas Financiers Ltd.,Financial Services,AAVAS.NS,EQ,INE216P01012
Aditya Birla Capital Ltd.,Financial Services,ABCAPITAL.NS,EQ,INE674K01013
Aditya Birla Sun Life AMC Ltd.,Financial Services,ABSLAMC.NS,EQ,INE404A01024
Angel One Ltd.,Financial Services,ANGELONE.NS,EQ,INE732I01013
Aptus Value Housing Finance India Ltd.,Financial Services,APTUS.NS,EQ,INE852O01025
AU Small Finance Bank Ltd.,Financial Services,AUBANK.NS,EQ,INE949L01017
Axis Bank Ltd.,Financial Services,AXISBANK.NS,EQ,INE238A01034
Bajaj Finance Ltd.,Financial Services,BAJFINANCE.NS,EQ,INE296A01024
Bajaj Finserv Ltd.,Financial Services,BAJAJFINSV.NS,EQ,INE918I01018
Bajaj Holdings & Investment Ltd.,Financial Services,BAJAJHLDNG.NS,EQ,INE118A01012
Bandhan Bank Ltd.,Financial Services,BANDHANBNK.NS,EQ,INE545U01014
Bank of Baroda,Financial Services,BANKBARODA.NS,EQ,INE028A01039
Bank of India,Financial Services,BANKINDIA.NS,EQ,INE084A01016
Bank of Maharashtra,Financial Services,MAHABANK.NS,EQ,INE457A01014
BSE Ltd.,Financial Services,BSE.NS,EQ,INE118H01025
Can Fin Homes Ltd.,Financial Services,CANFINHOME.NS,EQ,INE477A01020
Canara Bank,Financial Services,CANBK.NS,EQ,INE476A01014
Capri Global Capital Ltd.,Financial Services,CGCL.NS,EQ,INE180C01026
Central Bank of India,Financial Services,CENTRALBK.NS,EQ,INE483A01010
Central Depository Services (India) Ltd.,Financial Services,CDSL.NS,EQ,INE736A01011
Cholamandalam Financial Holdings Ltd.,Financial Services,CHOLAHLDNG.NS,EQ,INE149A01033
Cholamandalam Investment and Finance Company Ltd.,Financial Services,CHOLAFIN.NS,EQ,INE121A01024
City Union Bank Ltd.,Financial Services,CUB.NS,EQ,INE491A01021
Computer Age Management Services Ltd.,Financial Services,CAMS.NS,EQ,INE596I01012
CreditAccess Grameen Ltd.,Financial Services,CREDITACC.NS,EQ,INE741K01010
CRISIL Ltd.,Financial Services,CRISIL.NS,EQ,INE007A01025
CSB Bank Ltd.,Financial Services,CSBBANK.NS,EQ,INE679A01013
Dhani Services Ltd.,Financial Services,DHANI.NS,EQ,INE274G01010
Edelweiss Financial Services Ltd.,Financial Services,EDELWEISS.NS,EQ,INE532F01054
Equitas Holdings Ltd.,Financial Services,EQUITAS.NS,EQ,INE988K01017
Equitas Small Finance Bank Ltd.,Financial Services,EQUITASBNK.NS,EQ,INE063P01018
Federal Bank Ltd.,Financial Services,FEDERALBNK.NS,EQ,INE171A01029
General Insurance Corporation of India,Financial Services,GICRE.NS,EQ,INE481Y01014
HDFC Asset Management Company Ltd.,Financial Services,HDFCAMC.NS,EQ,INE127D01025
HDFC Bank Ltd.,Financial Services,HDFCBANK.NS,EQ,INE040A01034
HDFC Life Insurance Company Ltd.,Financial Services,HDFCLIFE.NS,EQ,INE795G01014
Home First Finance Company India Ltd.,Financial Services,HOMEFIRST.NS,EQ,INE481N01025
Housing & Urban Development Corporation Ltd.,Financial Services,HUDCO.NS,EQ,INE031A01017
Housing Development Finance Corporation Ltd.,Financial Services,HDFC.NS,EQ,INE001A01036
ICICI Bank Ltd.,Financial Services,ICICIBANK.NS,EQ,INE090A01021
ICICI Lombard General Insurance Company Ltd.,Financial Services,ICICIGI.NS,EQ,INE765G01017
ICICI Prudential Life Insurance Company Ltd.,Financial Services,ICICIPRULI.NS,EQ,INE726G01019
ICICI Securities Ltd.,Financial Services,ISEC.NS,EQ,INE763G01038
IDBI Bank Ltd.,Financial Services,IDBI.NS,EQ,INE008A01015
IDFC First Bank Ltd.,Financial Services,IDFCFIRSTB.NS,EQ,INE092T01019
IDFC Ltd.,Financial Services,IDFC.NS,EQ,INE043D01016
IIFL Finance Ltd.,Financial Services,IIFL.NS,EQ,INE530B01024
Indiabulls Housing Finance Ltd.,Financial Services,IBULHSGFIN.NS,EQ,INE148I01020
Indian Bank,Financial Services,INDIANB.NS,EQ,INE562A01011
Indian Energy Exchange Ltd.,Financial Services,IEX.NS,EQ,INE022Q01020
Indian Overseas Bank,Financial Services,IOB.NS,EQ,INE565A01014
Indian Railway Finance Corporation Ltd.,Financial Services,IRFC.NS,EQ,INE053F01010
IndusInd Bank Ltd.,Financial Services,INDUSINDBK.NS,EQ,INE095A01012
Infibeam Avenues Ltd.,Financial Services,INFIBEAM.NS,EQ,INE483S01020
JM Financial Ltd.,Financial Services,JMFINANCIL.NS,EQ,INE780C01023
Karur Vysya Bank Ltd.,Financial Services,KARURVYSYA.NS,EQ,INE036D01028
Kotak Mahindra Bank Ltd.,Financial Services,KOTAKBANK.NS,EQ,INE237A01028
L&T Finance Holdings Ltd.,Financial Services,L&TFH.NS,EQ,INE498L01015
LIC Housing Finance Ltd.,Financial Services,LICHSGFIN.NS,EQ,INE115A01026
Life Insurance Corporation of India,Financial Services,LICI.NS,EQ,INE0J1Y01017
Mahindra & Mahindra Financial Services Ltd.,Financial Services,M&MFIN.NS,EQ,INE774D01024
Manappuram Finance Ltd.,Financial Services,MANAPPURAM.NS,EQ,INE522D01027
Max Financial Services Ltd.,Financial Services,MFSL.NS,EQ,INE180A01020
Motilal Oswal Financial Services Ltd.,Financial Services,MOTILALOFS.NS,EQ,INE338I01027
Multi Commodity Exchange of India Ltd.,Financial Services,MCX.NS,EQ,INE745G01035
Muthoot Finance Ltd.,Financial Services,MUTHOOTFIN.NS,EQ,INE414G01012
Nippon Life India Asset Management Ltd.,Financial Services,NAM-INDIA.NS,EQ,INE298J01013
One 97 Communications Ltd.,Financial Services,PAYTM.NS,EQ,INE982J01020
PB Fintech Ltd.,Financial Services,POLICYBZR.NS,EQ,INE417T01026
PNB Housing Finance Ltd.,Financial Services,PNBHOUSING.NS,EQ,INE572E01012
Poonawalla Fincorp Ltd.,Financial Services,POONAWALLA.NS,EQ,INE511C01022
Power Finance Corporation Ltd.,Financial Services,PFC.NS,EQ,INE134E01011
Punjab National Bank,Financial Services,PNB.NS,EQ,INE160A01022
RBL Bank Ltd.,Financial Services,RBLBANK.NS,EQ,INE976G01028
REC Ltd.,Financial Services,RECLTD.NS,EQ,INE020B01018
SBI Cards and Payment Services Ltd.,Financial Services,SBICARD.NS,EQ,INE018E01016
SBI Life Insurance Company Ltd.,Financial Services,SBILIFE.NS,EQ,INE123W01016
Star Health and Allied Insurance Company Ltd.,Financial Services,STARHEALTH.NS,EQ,INE575P01011
State Bank of India,Financial Services,SBIN.NS,EQ,INE062A01020
Sundaram Finance Ltd.,Financial Services,SUNDARMFIN.NS,EQ,INE660A01013
Tata Investment Corporation Ltd.,Financial Services,TATAINVEST.NS,EQ,INE672A01018
The New India Assurance Company Ltd.,Financial Services,NIACL.NS,EQ,INE470Y01017
UCO Bank,Financial Services,UCOBANK.NS,EQ,INE691A01018
Union Bank of India,Financial Services,UNIONBANK.NS,EQ,INE692A01016
UTI Asset Management Company Ltd.,Financial Services,UTIAMC.NS,EQ,INE094J01016
Yes Bank Ltd.,Financial Services,YESBANK.NS,EQ,INE528G01035
Century Textile & Industries Ltd.,Forest Materials,CENTURYTEX.NS,EQ,INE055A01016
JK Paper Ltd.,Forest Materials,JKPAPER.NS,EQ,INE789E01012
Aarti Drugs Ltd.,Healthcare,AARTIDRUGS.NS,EQ,INE767A01016
Abbott India Ltd.,Healthcare,ABBOTINDIA.NS,EQ,INE358A01014
Ajanta Pharmaceuticals Ltd.,Healthcare,AJANTPHARM.NS,EQ,INE031B01049
Alembic Pharmaceuticals Ltd.,Healthcare,APLLTD.NS,EQ,INE901L01018
Alkem Laboratories Ltd.,Healthcare,ALKEM.NS,EQ,INE540L01014
Apollo Hospitals Enterprise Ltd.,Healthcare,APOLLOHOSP.NS,EQ,INE437A01024
Aster DM Healthcare Ltd.,Healthcare,ASTERDM.NS,EQ,INE914M01019
AstraZenca Pharma India Ltd.,Healthcare,ASTRAZEN.NS,EQ,INE203A01020
Aurobindo Pharma Ltd.,Healthcare,AUROPHARMA.NS,EQ,INE406A01037
Biocon Ltd.,Healthcare,BIOCON.NS,EQ,INE376G01013
Caplin Point Laboratories Ltd.,Healthcare,CAPLIPOINT.NS,EQ,INE475E01026
Cipla Ltd.,Healthcare,CIPLA.NS,EQ,INE059A01026
Divi's Laboratories Ltd.,Healthcare,DIVISLAB.NS,EQ,INE361B01024
Dr. Lal Path Labs Ltd.,Healthcare,LALPATHLAB.NS,EQ,INE600L01024
Dr. Reddy's Laboratories Ltd.,Healthcare,DRREDDY.NS,EQ,INE089A01023
Eris Lifesciences Ltd.,Healthcare,ERIS.NS,EQ,INE406M01024
FDC Ltd.,Healthcare,FDC.NS,EQ,INE258B01022
Fortis Healthcare Ltd.,Healthcare,FORTIS.NS,EQ,INE061F01013
Gland Pharma Ltd.,Healthcare,GLAND.NS,EQ,INE068V01023
Glaxosmithkline Pharmaceuticals Ltd.,Healthcare,GLAXO.NS,EQ,INE159A01016
Glenmark Life Sciences Ltd.,Healthcare,GLS.NS,EQ,INE03Q201024
Glenmark Pharmaceuticals Ltd.,Healthcare,GLENMARK.NS,EQ,INE935A01035
Granules India Ltd.,Healthcare,GRANULES.NS,EQ,INE101D01020
Hikal Ltd.,Healthcare,HIKAL.NS,EQ,INE475B01022
Indoco Remedies Ltd.,Healthcare,INDOCO.NS,EQ,INE873D01024
Ipca Laboratories Ltd.,Healthcare,IPCALAB.NS,EQ,INE571A01038
J.B. Chemicals & Pharmaceuticals Ltd.,Healthcare,JBCHEPHARM.NS,EQ,INE572A01028
Jubilant Pharmova Ltd.,Healthcare,JUBLPHARMA.NS,EQ,INE700A01033
Krishna Institute of Medical Sciences Ltd.,Healthcare,KIMS.NS,EQ,INE967H01017
Laurus Labs Ltd.,Healthcare,LAURUSLABS.NS,EQ,INE947Q01028
Lupin Ltd.,Healthcare,LUPIN.NS,EQ,INE326A01037
Max Healthcare Institute Ltd.,Healthcare,MAXHEALTH.NS,EQ,INE027H01010
Metropolis Healthcare Ltd.,Healthcare,METROPOLIS.NS,EQ,INE112L01020
Narayana Hrudayalaya Ltd.,Healthcare,NH.NS,EQ,INE410P01011
NATCO Pharma Ltd.,Healthcare,NATCOPHARM.NS,EQ,INE987B01026
Pfizer Ltd.,Healthcare,PFIZER.NS,EQ,INE182A01018
Poly Medicure Ltd.,Healthcare,POLYMED.NS,EQ,INE205C01021
Procter & Gamble Health Ltd.,Healthcare,PGHL.NS,EQ,INE199A01012
Sanofi India Ltd.,Healthcare,SANOFI.NS,EQ,INE058A01010
Sequent Scientific Ltd.,Healthcare,SEQUENT.NS,EQ,INE807F01027
Shilpa Medicare Ltd.,Healthcare,SHILPAMED.NS,EQ,INE790G01031
Solara Active Pharma Sciences Ltd.,Healthcare,SOLARA.NS,EQ,INE624Z01016
Strides Pharma Science Ltd.,Healthcare,STAR.NS,EQ,INE939A01011
Sun Pharma Advanced Research Company Ltd.,Healthcare,SPARC.NS,EQ,INE232I01014
Sun Pharmaceutical Industries Ltd.,Healthcare,SUNPHARMA.NS,EQ,INE044A01036
Suven Pharmaceuticals Ltd.,Healthcare,SUVENPHAR.NS,EQ,INE03QK01018
Syngene International Ltd.,Healthcare,SYNGENE.NS,EQ,INE398R01022
Thyrocare Technologies Ltd.,Healthcare,THYROCARE.NS,EQ,INE594H01019
Torrent Pharmaceuticals Ltd.,Healthcare,TORNTPHARM.NS,EQ,INE685A01028
Vijaya Diagnostic Centre Ltd.,Healthcare,VIJAYA.NS,EQ,INE043W01024
Wockhardt Ltd.,Healthcare,WOCKPHARMA.NS,EQ,INE049B01025
Zydus Lifesciences Ltd.,Healthcare,ZYDUSLIFE.NS,EQ,INE010B01027
Affle (India) Ltd.,Information Technology,AFFLE.NS,EQ,INE00WC01027
Birlasoft Ltd.,Information Technology,BSOFT.NS,EQ,INE836A01035
Brightcom Group Ltd.,Information Technology,BCG.NS,EQ,INE425B01027
C.E. Info Systems Ltd.,Information Technology,MAPMYINDIA.NS,EQ,INE0BV301023
Coforge Ltd.,Information Technology,COFORGE.NS,EQ,INE591G01017
Cyient Ltd.,Information Technology,CYIENT.NS,EQ,INE136B01020
Firstsource Solutions Ltd.,Information Technology,FSL.NS,EQ,INE684F01012
Happiest Minds Technologies Ltd.,Information Technology,HAPPSTMNDS.NS,EQ,INE419U01012
HCL Technologies Ltd.,Information Technology,HCLTECH.NS,EQ,INE860A01027
Infosys Ltd.,Information Technology,INFY.NS,EQ,INE009A01021
Intellect Design Arena Ltd.,Information Technology,INTELLECT.NS,EQ,INE306R01017
KPIT Technologies Ltd.,Information Technology,KPITTECH.NS,EQ,INE04I401011
L&T Technology Services Ltd.,Information Technology,LTTS.NS,EQ,INE010V01017
Latent View Analytics Ltd.,Information Technology,LATENTVIEW.NS,EQ,INE0I7C01011
Mastek Ltd.,Information Technology,MASTEK.NS,EQ,INE759A01021
MphasiS Ltd.,Information Technology,MPHASIS.NS,EQ,INE356A01018
Oracle Financial Services Software Ltd.,Information Technology,OFSS.NS,EQ,INE881D01027
Persistent Systems Ltd.,Information Technology,PERSISTENT.NS,EQ,INE262H01013
Sonata Software Ltd.,Information Technology,SONATSOFTW.NS,EQ,INE269A01021
Tanla Platforms Ltd.,Information Technology,TANLA.NS,EQ,INE483C01032
Tata Consultancy Services Ltd.,Information Technology,TCS.NS,EQ,INE467B01029
Tata Elxsi Ltd.,Information Technology,TATAELXSI.NS,EQ,INE670A01012
Tech Mahindra Ltd.,Information Technology,TECHM.NS,EQ,INE669C01036
Vakrangee Ltd.,Information Technology,VAKRANGEE.NS,EQ,INE051B01021
Wipro Ltd.,Information Technology,WIPRO.NS,EQ,INE075A01022
Zensar Technolgies Ltd.,Information Technology,ZENSARTECH.NS,EQ,INE520A01027
Hathway Cable & Datacom Ltd.,Media Entertainment & Publication,HATHWAY.NS,EQ,INE982F01036
Inox Leisure Ltd.,Media Entertainment & Publication,INOXLEISUR.NS,EQ,INE312H01016
Nazara Technologies Ltd.,Media Entertainment & Publication,NAZARA.NS,EQ,INE418L01021
Network18 Media & Investments Ltd.,Media Entertainment & Publication,NETWORK18.NS,EQ,INE870H01013
PVR Ltd.,Media Entertainment & Publication,PVR.NS,EQ,INE191H01014
Saregama India Ltd,Media Entertainment & Publication,SAREGAMA.NS,EQ,INE979A01025
Sun TV Network Ltd.,Media Entertainment & Publication,SUNTV.NS,EQ,INE424H01027
TV18 Broadcast Ltd.,Media Entertainment & Publication,TV18BRDCST.NS,EQ,INE886H01027
Zee Entertainment Enterprises Ltd.,Media Entertainment & Publication,ZEEL.NS,EQ,INE256A01028
Adani Enterprises Ltd.,Metals & Mining,ADANIENT.NS,EQ,INE423A01024
Hindalco Industries Ltd.,Metals & Mining,HINDALCO.NS,EQ,INE038A01020
Hindustan Copper Ltd.,Metals & Mining,HINDCOPPER.NS,EQ,INE531E01026
Hindustan Zinc Ltd.,Metals & Mining,HINDZINC.NS,EQ,INE267A01025
Jindal Stainless Ltd.,Metals & Mining,JSL.NS,EQ,INE220G01021
Jindal Steel & Power Ltd.,Metals & Mining,JINDALSTEL.NS,EQ,INE749A01030
JSW Steel Ltd.,Metals & Mining,JSWSTEEL.NS,EQ,INE019A01038
MOIL Ltd.,Metals & Mining,MOIL.NS,EQ,INE490G01020
National Aluminium Co. Ltd.,Metals & Mining,NATIONALUM.NS,EQ,INE139A01034
Shyam Metalics and Energy Ltd.,Metals & Mining,SHYAMMETL.NS,EQ,INE810G01011
Steel Authority of India Ltd.,Metals & Mining,SAIL.NS,EQ,INE114A01011
Tata Steel Ltd.,Metals & Mining,TATASTEEL.NS,EQ,INE081A01020
Vedanta Ltd.,Metals & Mining,VEDL.NS,EQ,INE205A01025
Adani Total Gas Ltd.,Oil Gas & Consumable Fuels,ATGL.NS,EQ,INE399L01023
Aegis Logistics Ltd.,Oil Gas & Consumable Fuels,AEGISCHEM.NS,EQ,INE208C01025
Bharat Petroleum Corporation Ltd.,Oil Gas & Consumable Fuels,BPCL.NS,EQ,INE029A01011
Castrol India Ltd.,Oil Gas & Consumable Fuels,CASTROLIND.NS,EQ,INE172A01027
Coal India Ltd.,Oil Gas & Consumable Fuels,COALINDIA.NS,EQ,INE522F01014
GAIL (India) Ltd.,Oil Gas & Consumable Fuels,GAIL.NS,EQ,INE129A01019
Gujarat Gas Ltd.,Oil Gas & Consumable Fuels,GUJGASLTD.NS,EQ,INE844O01030
Gujarat State Petronet Ltd.,Oil Gas & Consumable Fuels,GSPL.NS,EQ,INE246F01010
Hindustan Petroleum Corporation Ltd.,Oil Gas & Consumable Fuels,HINDPETRO.NS,EQ,INE094A01015
Indian Oil Corporation Ltd.,Oil Gas & Consumable Fuels,IOC.NS,EQ,INE242A01010
Indraprastha Gas Ltd.,Oil Gas & Consumable Fuels,IGL.NS,EQ,INE203G01027
Mahanagar Gas Ltd.,Oil Gas & Consumable Fuels,MGL.NS,EQ,INE002S01010
Mangalore Refinery & Petrochemicals Ltd.,Oil Gas & Consumable Fuels,MRPL.NS,EQ,INE103A01014
Oil & Natural Gas Corporation Ltd.,Oil Gas & Consumable Fuels,ONGC.NS,EQ,INE213A01029
Oil India Ltd.,Oil Gas & Consumable Fuels,OIL.NS,EQ,INE274J01014
Petronet LNG Ltd.,Oil Gas & Consumable Fuels,PETRONET.NS,EQ,INE347G01014
Reliance Industries Ltd.,Oil Gas & Consumable Fuels,RELIANCE.NS,EQ,INE002A01018
Adani Green Energy Ltd.,Power,ADANIGREEN.NS,EQ,INE364U01010
Adani Transmission Ltd.,Power,ADANITRANS.NS,EQ,INE931S01010
CESC Ltd.,Power,CESC.NS,EQ,INE486A01021
JSW Energy Ltd.,Power,JSWENERGY.NS,EQ,INE121E01018
NHPC Ltd.,Power,NHPC.NS,EQ,INE848E01016
NLC India Ltd.,Power,NLCINDIA.NS,EQ,INE589A01014
NTPC Ltd.,Power,NTPC.NS,EQ,INE733E01010
Power Grid Corporation of India Ltd.,Power,POWERGRID.NS,EQ,INE752E01010
SJVN Ltd.,Power,SJVN.NS,EQ,INE002L01015
Tata Power Co. Ltd.,Power,TATAPOWER.NS,EQ,INE245A01021
Torrent Power Ltd.,Power,TORNTPOWER.NS,EQ,INE813H01021
Brigade Enterprises Ltd.,Realty,BRIGADE.NS,EQ,INE791I01019
DLF Ltd.,Realty,DLF.NS,EQ,INE271C01023
Godrej Properties Ltd.,Realty,GODREJPROP.NS,EQ,INE484J01027
Hemisphere Properties India Ltd.,Realty,HEMIPROP.NS,EQ,INE0AJG01018
Indiabulls Real Estate Ltd.,Realty,IBREALEST.NS,EQ,INE069I01010
Macrotech Developers Ltd.,Realty,LODHA.NS,EQ,INE670K01029
Oberoi Realty Ltd.,Realty,OBEROIRLTY.NS,EQ,INE093I01010
Phoenix Mills Ltd.,Realty,PHOENIXLTD.NS,EQ,INE211B01039
Prestige Estates Projects Ltd.,Realty,PRESTIGE.NS,EQ,INE811K01011
Sobha Ltd.,Realty,SOBHA.NS,EQ,INE671H01015
Sunteck Realty Ltd.,Realty,SUNTECK.NS,EQ,INE805D01034
Adani Ports and Special Economic Zone Ltd.,Services,ADANIPORTS.NS,EQ,INE742F01042
Allcargo Logistics Ltd.,Services,ALLCARGO.NS,EQ,INE418H01029
Blue Dart Express Ltd.,Services,BLUEDART.NS,EQ,INE233B01017
Container Corporation of India Ltd.,Services,CONCOR.NS,EQ,INE111A01025
Delhivery Ltd.,Services,DELHIVERY.NS,EQ,INE148O01028
eClerx Services Ltd.,Services,ECLERX.NS,EQ,INE738I01010
GMR Infrastructure Ltd.,Services,GMRINFRA.NS,EQ,INE776C01039
Great Eastern Shipping Co. Ltd.,Services,GESHIP.NS,EQ,INE017A01032
Gujarat Pipavav Port Ltd.,Services,GPPL.NS,EQ,INE517F01014
Hinduja Global Solutions Ltd.,Services,HGS.NS,EQ,INE170I01016
InterGlobe Aviation Ltd.,Services,INDIGO.NS,EQ,INE646L01027
Mahindra Logistics Ltd.,Services,MAHLOG.NS,EQ,INE766P01016
MMTC Ltd.,Services,MMTC.NS,EQ,INE123F01029
NESCO Ltd.,Services,NESCO.NS,EQ,INE317F01035
Quess Corp Ltd.,Services,QUESS.NS,EQ,INE615P01015
RattanIndia Enterprises Ltd.,Services,RTNINDIA.NS,EQ,INE834M01019
Redington (India) Ltd.,Services,REDINGTON.NS,EQ,INE891D01026
Shipping Corporation of India Ltd.,Services,SCI.NS,EQ,INE109A01011
SIS Ltd.,Services,SIS.NS,EQ,INE285J01028
Spicejet Ltd.,Services,SPICEJET.NS,EQ,INE285B01017
TCI Express Ltd.,Services,TCIEXP.NS,EQ,INE586V01016
Teamlease Services Ltd.,Services,TEAMLEASE.NS,EQ,INE985S01024
Bharti Airtel Ltd.,Telecommunication,BHARTIARTL.NS,EQ,INE397D01024
HFCL Ltd.,Telecommunication,HFCL.NS,EQ,INE548A01028
Indus Towers Ltd.,Telecommunication,INDUSTOWER.NS,EQ,INE121J01017
ITI Ltd.,Telecommunication,ITI.NS,EQ,INE248A01017
Railtel Corporation Of India Ltd.,Telecommunication,RAILTEL.NS,EQ,INE0DD101019
Route Mobile Ltd.,Telecommunication,ROUTE.NS,EQ,INE450U01017
Sterlite Technologies Ltd.,Telecommunication,STLTECH.NS,EQ,INE089C01029
Tata Communications Ltd.,Telecommunication,TATACOMM.NS,EQ,INE151A01013
Vodafone Idea Ltd.,Telecommunication,IDEA.NS,EQ,INE669E01016
Alok Industries Ltd.,Textiles,ALOKINDS.NS,BE,INE270A01029
Garware Technical Fibres Ltd.,Textiles,GARFIBRES.NS,EQ,INE276A01018
Indo Count Industries Ltd.,Textiles,ICIL.NS,EQ,INE483B01026
K.P.R. Mill Ltd.,Textiles,KPRMILL.NS,EQ,INE930H01031
Lux Industries Ltd.,Textiles,LUXIND.NS,EQ,INE150G01020
Page Industries Ltd.,Textiles,PAGEIND.NS,EQ,INE761H01022
TCNS Clothing Co. Ltd.,Textiles,TCNSBRANDS.NS,EQ,INE778U01029
Trident Ltd.,Textiles,TRIDENT.NS,EQ,INE064C01022
Vardhman Textiles Ltd.,Textiles,VTL.NS,EQ,INE825A01020
Welspun India Ltd.,Textiles,WELSPUNIND.NS,EQ,INE192B01031
Aether Industries Ltd.,Chemicals,AETHER.NS,EQ,INE0BWX01014
Bharat Rasayan Ltd.,Chemicals,BHARATRAS.NS,EQ,INE838B01013
Deepak Fertilisers & Petrochemicals Corp. Ltd.,Chemicals,DEEPAKFERT.NS,EQ,INE501A01019
Greenpanel Industries Ltd.,Consumer Durables,GREENPANEL.NS,EQ,INE08ZM01014
HLE Glascoat Ltd.,Capital Goods,HLEGLAS.NS,EQ,INE461D01028
JBM Auto Ltd.,Automobile and Auto Components,JBMA.NS,EQ,INE927D01044
Mahindra Lifespace Developers Ltd.,Realty,MAHLIFE.NS,EQ,INE813A01018
NIIT Ltd.,Consumer Services,NIITLTD.NS,EQ,INE161A01038
Olectra Greentech Ltd.,Automobile and Auto Components,OLECTRA.NS,EQ,INE260D01016
Raymond Ltd.,Textiles,RAYMOND.NS,EQ,INE301A01014
Redington Ltd.,Services,REDINGTON.NS,EQ,INE891D01026
Sharda Cropchem Ltd.,Chemicals,SHARDACROP.NS,EQ,INE221J01015
Shoppers Stop Ltd.,Consumer Services,SHOPERSTOP.NS,EQ,INE498B01024
Swan Energy Ltd.,Textiles,SWANENERGY.NS,EQ,INE665A01038
Tejas Networks Ltd.,Telecommunication,TEJASNET.NS,EQ,INE010J01012
Transport Corporation of India Ltd.,Services,TCI.NS,EQ,INE688A01022
Adani Wilmar Ltd.,Fast Moving Consumer Goods,AWL.NS,EQ,INE699H01024
GMR Airports Infrastructure Ltd.,Services,GMRINFRA.NS,EQ,INE776C01039
Motherson Sumi Wiring India Ltd.,Automobile and Auto Components,MSUMI.NS,EQ,INE0FS801015
Patanjali Foods Ltd.,Fast Moving Consumer Goods,PATANJALI.NS,BE,INE619A01035
Tata Teleservices (Maharashtra) Ltd.,Telecommunication,TTML.NS,BE,INE517B01013
Vedant Fashions Ltd.,Consumer Services,MANYAVAR.NS,EQ,INE825V01034
